{
    "missionName": "00",
    "saveGates": [
        {
            "gateName": "switch_1",
            "posx": 0.0,
            "posy": 0.0,
            "posz": 0.0
        },
        {
            "gateName": "battery_2",
            "posx": -295.6834716796875,
            "posy": -6.474853515625,
            "posz": 0.0
        },
        {
            "gateName": "bulb_3",
            "posx": 446.7625732421875,
            "posy": 6.47479248046875,
            "posz": 0.0
        }
    ],
    "lines": [
        {
            "pos1X": -227.9834747314453,
            "pos2X": -77.69999694824219,
            "pos1Y": -6.474853515625,
            "pos2Y": 0.0,
            "c1Name": "battery_2",
            "c1Type": 2,
            "c2Name": "switch_1",
            "c2Type": 0
        },
        {
            "pos1X": 77.69999694824219,
            "pos2X": 382.7625732421875,
            "pos1Y": 0.0,
            "pos2Y": 6.47479248046875,
            "c1Name": "switch_1",
            "c1Type": 2,
            "c2Name": "bulb_3",
            "c2Type": 0
        }
    ],
    "reward": {},
    "detail": "",
    "map": {
        "wide": 0,
        "high": 0,
        "startPoint": [],
        "rooms": []
    }
}