{
    "PuzzleName": "Puzzle3",
    "saveGates": [
        {
            "gateName": "low volt_2",
            "posx": -156.08078002929688,
            "posy": 47.891075134277347,
            "posz": 0.0
        },
        {
            "gateName": "not_3",
            "posx": -13.725883483886719,
            "posy": 47.891075134277347,
            "posz": 0.0
        },
        {
            "gateName": "bulb_4",
            "posx": 134.9561309814453,
            "posy": 47.891029357910159,
            "posz": 0.0
        }
    ],
    "lines": [
        {
            "pos1X": -120.58078002929688,
            "pos2X": -61.22587585449219,
            "pos1Y": 47.891056060791019,
            "pos2Y": 47.89106369018555,
            "c1Name": "low volt_2",
            "c1Type": 2,
            "c2Name": "not_3",
            "c2Type": 0
        },
        {
            "pos1X": 33.77409362792969,
            "pos2X": 98.95611572265625,
            "pos1Y": 47.891075134277347,
            "pos2Y": 47.89104080200195,
            "c1Name": "not_3",
            "c1Type": 2,
            "c2Name": "bulb_4",
            "c2Type": 0
        }
    ],
    "configs": []
}