{
    "PuzzleName": "Puzzle00",
    "saveGates": [
        {
            "gateName": "battery_1",
            "posx": -381.9841613769531,
            "posy": 39.912353515625,
            "posz": 0.0
        },
        {
            "gateName": "not_3",
            "posx": 80.56558227539063,
            "posy": 39.912384033203128,
            "posz": 0.0
        },
        {
            "gateName": "bulb_4",
            "posx": 564.6294555664063,
            "posy": 18.3984375,
            "posz": 0.0
        }
    ],
    "lines": [
        {
            "pos1X": -314.2841796875,
            "pos2X": 4.8655853271484379,
            "pos1Y": 39.912353515625,
            "pos2Y": 39.91237258911133,
            "c1Name": "battery_1",
            "c1Type": 2,
            "c2Name": "not_3",
            "c2Type": 0
        },
        {
            "pos1X": 159.2655792236328,
            "pos2X": 500.62939453125,
            "pos1Y": 39.912384033203128,
            "pos2Y": 18.3984375,
            "c1Name": "not_3",
            "c1Type": 2,
            "c2Name": "bulb_4",
            "c2Type": 0
        }
    ]
}