{
    "PuzzleName": "puzzle0",
    "saveGates": [
        {
            "gateName": "high volt_1",
            "posx": -190.12628173828126,
            "posy": -2.696106195449829,
            "posz": 0.0
        },
        {
            "gateName": "bulb_2",
            "posx": 216.4561767578125,
            "posy": 9.47705078125,
            "posz": 0.0
        }
    ],
    "lines": [
        {
            "pos1X": -154.62628173828126,
            "pos2X": 180.4561767578125,
            "pos1Y": -2.696106195449829,
            "pos2Y": 9.47705078125,
            "c1Name": "high volt_1",
            "c1Type": 2,
            "c2Name": "bulb_2",
            "c2Type": 0,
            "expectBool": true
        }
    ]
}