{
    "PuzzleName": "puzzle0",
    "saveGates": [
        {
            "gateName": "high volt_1",
            "posx": -309.0701904296875,
            "posy": 39.75482940673828,
            "posz": 0.0
        },
        {
            "gateName": "bulb_2",
            "posx": 142.83169555664063,
            "posy": 39.75494384765625,
            "posz": 0.0
        }
    ],
    "lines": [
        {
            "pos1X": -273.5701599121094,
            "pos2X": 106.83169555664063,
            "pos1Y": 39.754825592041019,
            "pos2Y": 39.75494384765625,
            "c1Name": "high volt_1",
            "c1Type": 2,
            "c2Name": "bulb_2",
            "c2Type": 0,
            "expectBool": true
        }
    ]
}