{
    "PuzzleName": "Puzzle1",
    "saveGates": [
        {
            "gateName": "high volt_1",
            "posx": -18.471038818359376,
            "posy": 98.506103515625,
            "posz": 0.0
        },
        {
            "gateName": "bulb_2",
            "posx": 182.40777587890626,
            "posy": 98.50617980957031,
            "posz": 0.0
        }
    ],
    "lines": [
        {
            "pos1X": 17.028961181640626,
            "pos2X": 146.40777587890626,
            "pos1Y": 98.506103515625,
            "pos2Y": 98.50616455078125,
            "c1Name": "high volt_1",
            "c1Type": 2,
            "c2Name": "bulb_2",
            "c2Type": 0
        }
    ],
    "configs": []
}