{
    "PuzzleName": "puzzle1",
    "saveGates": [
        {
            "gateName": "high volt_3",
            "posx": -343.305419921875,
            "posy": 23.77851104736328,
            "posz": 0.0
        },
        {
            "gateName": "placeholder1_4",
            "posx": -37.472633361816409,
            "posy": 12.366828918457032,
            "posz": 0.0
        },
        {
            "gateName": "bulb_5",
            "posx": 238.6897735595703,
            "posy": 16.93152618408203,
            "posz": 0.0
        }
    ],
    "lines": [
        {
            "pos1X": -307.8052978515625,
            "pos2X": -119.97262573242188,
            "pos1Y": 23.77850341796875,
            "pos2Y": 12.3668212890625,
            "c1Name": "high volt_3",
            "c1Type": 2,
            "c2Name": "placeholder1_4",
            "c2Type": 0,
            "expectBool": true
        },
        {
            "pos1X": 45.02737045288086,
            "pos2X": 202.68972778320313,
            "pos1Y": 12.3668212890625,
            "pos2Y": 16.931520462036134,
            "c1Name": "placeholder1_4",
            "c1Type": 2,
            "c2Name": "bulb_5",
            "c2Type": 0,
            "expectBool": false
        }
    ]
}