{
    "missionName": "test1",
    "saveGates": [
        {
            "gateName": "not_1",
            "posx": -212.95037841796876,
            "posy": 215.579345703125,
            "posz": 0.0
        },
        {
            "gateName": "bulb_2",
            "posx": 415.38458251953127,
            "posy": 215.57940673828126,
            "posz": 0.0
        },
        {
            "gateName": "battery_3",
            "posx": -228.7244873046875,
            "posy": -144.59591674804688,
            "posz": 0.0
        }
    ]
}